channel_id,title
UC-7roO_wPzwdz3uN3p6k2ew,Investographer
UC176GAQozKKjhz62H8u9vQQ,Real Science
UC1BggvVzx-sevTOw-gBzdOg,Unmanned Systems Technology
UC1znqKFL3jeR0eoA0pHpzvw,SpaceRip
UC3cRUKVHL5tk44KzyXbV7Cg,Lukey B. The Physics G
UC4HiUdMwzyZhBUoNKXenO-A,Engineering with Utsav
UC4o8Fdpv3g_AjgShAeivqpA,Naresh i Technologies
UC59JmG5MByLNLMDkotbz7pQ,TheStockGuy
UC5Ghe5TBQGYIOANuiNW4hDQ,Garys Economics
UC6VsKH_O59Kdc_yYATRGc_A,Trading Techstreet
UC7C8Rq8FTgNn5mcXr-MjYAw,IT and Automation Academy
UC7DdEm33SyaTDtWYGO2CwdA,Physics Girl
UC7_gcs09iThXybpVgjHZ_7g,PBS Space Time
UC8JT2m0mKEgvEtie3JNKwew,Naked Science
UC8VhAX-voAUegprM4SpHQJQ,Wacky Science
UC99wve8HpQqaSTNs1Tm6r7Q,Skyroot Aerospace
UC9HOZ53gnHP3f_b-wixS74g,Boot dev
UC9ac-EJdvi_3_5Ujko5gaVQ,Hyderabad Growth
UC9uD-W5zQHQuAVT2GdcLCvg,Insider Science
UC9x0AN7BWHpCDHSm9NiJFJQ,NetworkChuck
UCAUTncHmFWaaNo91xg4As3g,FullMag
UCB_zuUSmh_PVkqwkaDT-thA,Chemical & Engineering News
UCBwRiON-FWnUJiaJVZhnHPg,howtonetwork
UCC552Sd-3nyi_tk2BudLUzA,AsapSCIENCE
UCCsREoj8rSRkEvxWqxr74rQ,Cybernews
UCDom90xOqP4avehFjSJO6NA,Sick Science!
UCEAAzv2OBqxsSczKJ2QZyGQ,Pushkar Raj Thakur: Stock Market Educator 📈
UCEik-U3T6u6JA0XiHLbNbOw,Bozeman Science
UCEz8nZeCAei1N52gnVxkCMg,Ginny Silver - California Small Business Coach
UCG7EBd-JrRZehNv9e5m1fQQ,Developer Filip
UCGL9ubdGcvZh_dvSV2z1hoQ,The Trading Channel (The Trading Channel)
UCILl8ozWuxnFYXIe2svjHhg,BPS.space
UCIVaddFslWk1TFoKNrvh99Q,DrPhysicsA
UCIVl4K2afJgLJv0b2ToTs_g,GrowthX
UCIZ5ZOeiXYbmKTl_85ghNPw,Physics Explained
UCJ0yBou72Lz9fqeMXh9mkog,Physics Videos by Eugene Khutoryansky
UCJbOZAqwsdna6kjBZ0UcJmw,Legacy Investing Show
UCK70H_67YRgeA513ZHA2TIg,JaDropping Science
UCKWaEZ-_VweaEx1j62do_vQ,IBM Technology
UCKZbgzsJ_XsgGevLAKI1DwA,Anime Cloud
UCLKPca3kwwd-B59HNr-_lvA,AI Engineer
UCMOqf8ab-42UUQIdVoKwjlQ,Practical Engineering
UCN9kvWCDywqRPHG5SjKTEBA,Bradford Carlton - Automate Business AI
UCNIoLiHvnuKTKoJuLQUS--A,Mark Tilbury Economics
UCNz9FA4OYPfEU-6t6jsHOIA,Science Explained
UCO5Lttt9e6Kz0rmtEL7vuLA,Anushka Rathod Finance
UCORX3Cl7ByidjEgzSCgv9Yw,Anastasi In Tech
UCPBHtbl2-WkaXyuLJ9uqTJg,Almost Engineered
UCR1IuLEqb6UEA_zQ81kwXfg,Real Engineering
UCR_kFbcwWy1cKLCkmcMf4lg,ABC Science
UCRzScB0a-dc6OCYYZlP9qpA,Tech Notice
UCS7CnHtninM4TweGqpQTEtA,Unfinance
UCSI7h9hydQ40K5MJHnCrQvw,"No Priors: AI, Machine Learning, Tech, & Startups"
UCSUu1lih2RifWkKtDOJdsBA,NASASpaceflight
UCT9CJkrdmTnZ-M5xns9chXQ,Tech Tesseract
UCUHW94eEFW7hkUMVaZz4eDg,minutephysics
UCV0qA-eDDICsRR9rPcnG7tw,Joma Tech
UCWI-ohtRu8eEeDj93hmUsUQ,Coding with Lewis
UCWs2IhqR5jtP8pd6iX5MSrQ,Tech Chronicles with Shezan
UCWv7vMbMWH4-V0ZXdmDpPBA,Programming with Mosh
UCWvq4kcdNI1r1jZKFw9TiUA,ScienceClic English
UCXlDgfWY2JbsYEam2m68Hyw,Hipyo Tech
UCXuqSBlHAE6Xw-yeJA0Tunw,Linus Tech Tips
UC_lGMZMTN7Oh9DRKV2eaMtg,SPACE DESIGN WAREHOUSE
UCbiGcwDWZjz05njNPrJU7jA,ExplainingComputers
UCbprhISv-0ReKPPyhf7-Dtw,Science Max - Scholastic
UCc3xHIgT3vLvvi2rosrR8dA,InvestwithACE
UCc7gpqMnnOSbU_F2-5MVVZw,Sheryians Coding School
UCcj-bUHWZlRhGJPPnr1WflA,TechAirSpace
UCcyq283he07B7_KUX07mmtA,Business Insider
UCeMcDx6-rOq_RlKSPehk2tQ,The Space Race
UCeOHS5GEcd0lCpp-7G5AUIw,The Network Guys
UCeYda7MUy54yNYJya8txkJA,Museum of Science
UCfQk5qGOEO5cPPDFlQe2lFQ,Your Average Tech Bro
UCiGyWN6DEbnj2alu7iapuKQ,Physics Wallah - Alakh Pandey
UCiaQzXI5528Il6r2NNkrkJA,Digital Spaceport
UCjGzWvFXEPHkkXrYceZfxTA,TheJetBusiness
UCjSOwkYUtTDjDoPczoTv_Hw,Automation Helpers
UCkkhmBWfS7pILYIk0izkc3A,This Week in Startups
UClZbmi9JzfnB2CEb0fG8iew,Primal Space
UCliSRiiRVQuDfgxI_QN_Fmw,For the Allure of Physics
UCltuKUCkE82ojAtPJy9rFQA,Venom's Tech
UCo1L6EWzIb9-JS7w7aqlhGw,Billing Software
UCoch_d78Aosmp14ey1HgGSQ,100x Engineers
UCptwuAv0XQHo1OQUSaO6NHw,Max Tech
UCqZQJ4600a9wIfMPbYc60OQ,Sabin Civil Engineering
UCqvjEkH_41m4DYaoNQwk4Bw,Hubble Space Telescope
UCsbfPM5Wd1REwCIBYJFIyOw,funsciencedemos
UCsvqEZBO-kNmwuDBbKbfL6A,Science Communication Lab
UCtyeJGvHqi4panJmOLL2JLg,Science with Susanna
UCuKqtwPO5ci5_KoZGbfl33g,Entrepreneurs in Cars
UCwB3HiWejAkml1UZ0Qo2bFg,Startup Grind
UCwVEhEzsjLym_u1he4XWFkg,Finance With Sharan
UCzYZk4bZ07yJeK7Zd_z37Cw,Food Network UK
